Zellenform,Zellengroesse,Fuellgrad
1.0,3.2483570765056164,0.22923146289747925
1.0,2.930867849414408,0.278967733861732
1.0,3.3238442690503462,0.2828642741736615
1.0,3.761514928204013,0.259886136538919
1.0,2.882923312638332,0.2919357144166995
1.0,2.8829315215254097,0.3202025428407269
1.0,3.7896064077536957,0.3943092950605265
1.0,3.3837173645764542,0.3087288906415919
1.0,2.765262807032524,0.3128775195361382
1.0,3.2712800217929825,0.29627770421169164
1.0,2.768291153593769,0.2040614392350479
1.0,2.7671351232148718,0.29867430622753915
1.0,3.1209811357830173,0.30301151049705133
1.0,2.043359877671101,0.4231621056242643
1.0,2.137541083743484,0.29038195176094383
1.0,2.718856235379514,0.3150773671166806
1.0,2.493584439832788,0.2982644115147378
1.0,3.157123666297637,0.24156609811902338
1.0,2.5459879622393946,0.35714114072575104
1.0,2.293848149332354,0.3375966516343387
1.0,3.732824384460777,0.33955159735215235
1.0,2.887111849756732,0.25453062726026304
1.0,3.033764102343962,0.37013971554680497
1.0,2.287625906893272,0.22990744686038594
1.0,2.7278086377374087,0.3293428546900135
1.0,3.055461294854933,0.4095227812904989
1.0,2.4245032112888487,0.25047318374346556
1.0,3.1878490091728358,0.2716851135198614
1.0,2.6996806550405976,0.304982568254382
1.0,2.8541531251033616,0.27482621729419004
1.0,2.6991466938853015,0.22246682844669335
1.0,3.926139092254469,0.30342814874030133
1.0,2.993251387631033,0.24688481431369474
1.0,2.47114453552205,0.32367962153175905
1.0,3.4112724560515946,0.2540287882883098
1.0,2.389578175014489,0.377496720250877
1.0,3.104431797502378,0.26083733538318815
1.0,2.020164938060112,0.28389692418971624
1.0,2.3359069755507846,0.34067586086848345
1.0,3.0984306179345618,0.23845678417830224
1.0,3.3692332899977053,0.31137299673020646
1.0,3.085684140594985,0.36535713771412137
1.0,2.94217585880588,0.2196258382719386
1.0,2.8494481522053556,0.3092316929266152
1.0,2.260739004816286,0.3129941397124212
1.0,2.6400778958026456,0.3390911435888655
1.0,2.769680614520106,0.2381524644560959
1.0,3.5285611131094576,0.23397716934578616
1.0,3.1718091447842305,0.3260970782808449
1.0,2.118479922318633,0.3148492336616593
1.0,3.1620419846973977,0.31252464251729384
1.0,2.8074588597918417,0.31732241047484877
1.0,2.6615389998470205,0.26599876392107547
1.0,3.305838144420434,0.31161268485805016
1.0,3.5154997612479755,0.31465362366493405
1.0,3.4656400595580994,0.2642824290986816
1.0,2.580391238388681,0.3932887255572378
1.0,2.8453938120743927,0.32369164604558937
1.0,3.165631715701782,0.24043482513986755
1.0,3.4877725635611796,0.3328276804316915
1.0,2.760412881077355,0.25126591648863394
1.0,2.9071705116680913,0.3393542301871226
1.0,2.446832512996986,0.3579297789503702
1.0,2.4018966879596646,0.25896588408241444
1.0,3.406262911197099,0.3481688064622161
1.0,3.6781200142854114,0.3206390463468249
1.0,2.963994939209833,0.3411030079997245
1.0,3.501766448946012,0.39483964913269737
1.0,3.180818012523817,0.28773059419985647
1.0,2.677440122697438,0.26231319178212553
1.0,3.180697802754207,0.25552427851872384
1.0,3.7690182832329846,0.2592094857517281
1.0,2.982086980445024,0.29614491452929476
1.0,3.782321827907003,0.31705759874083217
1.0,1.6901274479551278,0.31383453996650096
1.0,3.410951252187612,0.3413591624518012
1.0,3.043523534119086,0.30065009459389536
1.0,2.8504963247670663,0.37267670385786583
1.0,3.045880388267751,0.2867671583381022
1.0,2.006215542699554,0.43600845832948093
1.0,2.890164056081244,0.3312833673882503
1.0,3.178556285755873,0.25714212217918586
1.0,3.738947022370758,0.24645537509694437
1.0,2.7408648908631763,0.3241236207621593
1.0,2.5957531985534064,0.28882686073370745
1.0,2.749121478207732,0.3357000247046046
1.0,3.457701058851037,0.32366188122867723
1.0,3.1643755548298422,0.29635855436715636
1.0,2.735119898116481,0.25766031409657975
1.0,3.256633716556678,0.22425763876570676
1.0,3.0485387746740202,0.27767425239664895
1.0,3.4843224952664444,0.34281993971617364
1.0,2.648973453061324,0.3107046872065102
1.0,2.836168926701116,0.2377130610644006
1.0,2.803945923433921,0.3086590462925591
1.0,2.2682425259339407,0.3192658689864418
1.0,3.148060138532288,0.25580712818994333
1.0,3.1305276360899446,0.3076862552972764
1.0,3.0025567283212307,0.3029104359223
1.0,2.882706433312426,0.24285148510846882
